pollutant,total_measurements,outlier_count,outlier_percentage
SO2,401096,5198,1.2959490994674592
NO2,419509,6908,1.646686960232081
PM2.5,9314,175,1.8788919905518575
RSPM,395520,5754,1.4547936893203883
SPM,198355,2556,1.2885987245090873
